"name","credit_card_number","email","phone_number","address","ssn"
"Regina Perez","213117812841877","velasquezspencer@example.com","+91 2508571174","62550 Anderson Falls Suite 686
Monroeton, GA 22984","341-40-3390"
"Tiffany Pham","3576968162841684","thomasheather@example.com","+91 1178284707","254 Savage River Suite 120
Miguelfort, GA 92091","674-05-9192"
"Alice Williamson","371735920398916","hwalker@example.org","+58 8947726509","22471 Jennifer Coves
Phelpsside, PA 78572","141-32-3590"
"Patrick Clark","4650631703483823","carlacherry@example.org","+242 3283446338","460 Hannah Vista Suite 923
Hardinburgh, MP 62832","528-15-3380"
"Autumn Valdez","4317292063777","cynthiaanderson@example.net","+91 3248107236","22492 Zhang Ports
Lake James, MD 40251","670-06-6125"
"Robert Bautista","4277070211591533","larry84@example.org","+91 1174556199","Unit 9646 Box 6622
DPO AA 30143","661-66-4876"
"Rachel Smith","2445443555642900","davidibarra@example.com","+69 5603117040","235 Shawn Green Suite 930
New Phillip, KS 07353","148-06-2168"
"Jeremy Gilbert","4986882215212599","chad83@example.net","+73 2254148408","9728 Nicholas Mission
Juarezton, CA 90238","231-80-6457"
"William Morales","373898217962543","williamsrachel@example.com","+91 9208649035","798 Adam Parks Suite 905
Kevinmouth, MD 39646","678-18-5745"
"Jay Miller","5247223834987604","michael09@example.org","+39 8996336359","39802 Garcia Causeway Suite 478
Cookchester, VI 62690","449-90-6684"
"Amanda Jones","4774466437919870","lwright@example.com","+232 7639111594","Unit 9239 Box 8060
DPO AA 68475","327-87-8681"
"Ethan Miller","4382402951859632024","ericsmith@example.com","+57 4148554707","Unit 1256 Box 6027
DPO AE 09860","317-03-3218"
"Austin Smith","4425572198693498","perrysteven@example.org","+635 5415629831","44184 Jeanne Spring
Burnstown, ID 04253","688-41-0301"
"Isabel Golden","36966578485054","katie96@example.net","+552 3096607012","49208 Vazquez Views Apt. 583
Sweeneychester, MH 39236","257-89-9836"
"Michael Howell","3543390045533745","timothy47@example.net","+14 1334206604","PSC 0171, Box 5599
APO AP 62091","804-33-5427"
"Heidi Smith","30214967436644","meyerskristy@example.org","+91 4223562313","645 Cisneros Heights Suite 786
New Brittany, MO 96613","330-03-3135"
"Breanna Jackson","503897769405","smeyers@example.com","+77 7057241488","0022 Danielle Shores
Kyleview, CA 33173","237-87-8330"
"Adam Wallace","30154816968712","michaelknight@example.net","+91 3366966080","4498 Matthew Isle
Judithburgh, PA 90212","147-05-6823"
"John Stokes","585071456214","sgreen@example.com","+91 9761426997","99397 Ryan Vista
West Shannonfort, FM 83523","140-89-5192"
"Christopher Combs","180051298283172","vargasgary@example.org","+55 6451143661","0166 Reynolds Estates
Cobbland, FL 23650","215-37-2221"
"Christopher Jones","3510381491159480","htaylor@example.net","+46 7444132057","2936 Tom Street
East Miguelbury, PW 56336","710-12-0632"
"Vanessa Smith","4766595527542","simpsonsusan@example.org","+79 5275960087","69572 Williams Forge Apt. 978
Thomasfort, PA 05586","063-85-9509"
"Amy Jones","6587693607812179","nfloyd@example.com","+91 4871343018","Unit 4287 Box 0660
DPO AP 15367","843-43-5468"
"Tony Murphy","3591397626929904","santiagoraymond@example.net","+35 5916040458","810 Owens Circle
Lake Diana, AK 05861","677-02-2664"
"Juan Walsh","2232862790027121","mstephens@example.org","+52 6418438219","3163 Rios Point Suite 387
East Randytown, RI 24357","450-95-0625"
"Edward Carter","4231968306387060","ibradford@example.org","+564 3669685225","92190 Robinson Well Apt. 946
Lake Jenniferfort, IL 20292","703-59-4652"
"Christopher Ball","4958240796251276","darrell10@example.com","+454 2441286069","159 Sara Passage Apt. 536
Combsfort, NY 45859","877-99-0072"
"Brian Contreras","4381120582525684744","chavezvincent@example.org","+91 0610332756","1040 Wilkins Island Suite 252
Coxfurt, UT 69113","253-85-8631"
"Tracy Kennedy","4003459804815397873","sandra21@example.net","+088 9495307708","7837 Stewart Oval
South Edwardberg, MI 98646","472-66-3912"
"Douglas Hernandez","4426794486749","teresa10@example.org","+91 6630049559","303 Jordan Canyon Suite 593
North Michaelton, MS 68893","041-12-6197"
"Crystal Craig","4913161245105810","uflowers@example.org","+91 8991193180","4538 Shawn Overpass
East William, AL 89587","375-45-2924"
"Victoria Wright","4115456132420322","osnyder@example.org","+91 4643955944","023 Barbara Alley
Johnsonton, LA 62852","463-30-7409"
"Maria Mcmahon MD","379164877727799","laurahowe@example.org","+04 7024846271","6001 Samantha Mall
New Dianeton, MP 18350","415-79-7163"
"Bobby Lee","4148386849463516","kristenlane@example.org","+670 9910947319","17041 Courtney Underpass Apt. 803
New Patricia, ND 01689","736-08-3625"
"Robin Ali","377994987926747","nancydixon@example.org","+91 3596741508","069 Schaefer Wells
Williamville, MH 12585","777-10-1766"
"David Lawrence","4317602596562523","danielgilmore@example.com","+37 7825716285","738 Angela Lights
Juliestad, HI 02789","856-98-1118"
"Theresa Cooper","344361100579912","heather09@example.net","+91 3309777731","USNS Adams
FPO AA 48921","606-18-7170"
"Natalie King","30484985499680","juliegarcia@example.com","+47 0650462085","3258 Cannon Ranch
Odomshire, MS 74977","188-34-8816"
"Aaron Velazquez","2279138778772085","fosterkathryn@example.net","+91 5802133467","13261 Jeremy Streets Suite 075
New Josephtown, SC 54737","611-69-9378"
"Megan White DVM","30244762812020","qstark@example.com","+562 4755867863","24803 King Rapids Suite 699
Hamiltonland, MD 34010","059-29-9341"
"Austin Jimenez","30517240748118","sydneywong@example.org","+991 1511826222","858 Long Mountains
Waltersport, PA 26593","018-05-1032"
"Kathleen Mathews","6011414394892654","gwalker@example.org","+91 1696114013","177 Joseph Flat Apt. 372
Snyderland, HI 58934","017-75-4185"
"Kristi Mcgrath","4777407684645","tammymiranda@example.net","+91 3495734961","6174 Miller Expressway Suite 694
Jonathanstad, NJ 93294","571-56-3640"
"Ryan Clark","4399655113365189597","ricky17@example.net","+39 5946228606","22665 Jenny Groves
Vasquezville, MO 85198","613-50-2720"
"Angela Richmond","2703141726394347","mcfarlandchristina@example.net","+94 7228247446","312 David Place Suite 473
Murphyhaven, CT 22695","401-20-9998"
"Patrick Harrison","4773327965092787116","martinkaren@example.org","+538 8766233363","13077 Carlson Ville Suite 762
South Dawn, ND 42654","044-76-7096"
"Danielle Robinson","4917883182116","beardalexis@example.net","+15 0511821870","1606 Ashley Loaf Apt. 884
Mullinstown, AZ 22814","813-14-0600"
"Jason Mcmillan","378464790010328","smithbrenda@example.net","+18 6425409951","398 Emily Square
Thomasberg, LA 67489","427-34-3300"
"Theresa Gonzales","4146693985340","erinmccarthy@example.net","+16 7113307764","33219 Nash Mountains Apt. 743
New Tashashire, PW 55922","589-49-8824"
"Michael Jones","341832688133960","peter45@example.net","+307 0040475094","USNV Hernandez
FPO AA 35302","271-74-9467"
"Donald Williams","4786424739811","tschwartz@example.net","+91 8957841662","4997 Jennifer Walks
South Walterchester, WY 37836","473-70-4533"
"Jesse White","4232149772985054","christopher92@example.net","+91 8676902982","PSC 7204, Box 7259
APO AP 89622","166-40-2255"
